user,instance_id,displayed_text,"Question 1: The highlighted quantity should have a general type. Please label the type, or select 'Not Relevant' is a date or otherwise not relevant to the U.S. economy:::Macroeconomic / General Economic Conditions (e.g., discusses jobs, housing prices, and oil prices)","Question 1: The highlighted quantity should have a general type. Please label the type, or select 'Not Relevant' is a date or otherwise not relevant to the U.S. economy:::Firm-specific (e.g., discusses stock prices, debt offerings, and capital investments)","Question 2: If the quantity's general type is 'Macroeconomic / General Economic Conditions', please label the specific macroeconomic indicator. Select 'None of the above' if the quantity is not relevant to the U.S. economy or is not a macroeconomic / general conditions type.:::None of the above","Question 2: If the quantity's general type is 'Macroeconomic / General Economic Conditions', please label the specific macroeconomic indicator. Select 'None of the above' if the quantity is not relevant to the U.S. economy or is not a macroeconomic / general conditions type.:::Housing (e.g., Start, Sales, Pricing)","Question 3: If the quantity's general type is 'Macroeconomic / General Economic Conditions', what spin does the writer of the excerpt put on the highlighted quantity?:::None of the above","Question 3: If the quantity's general type is 'Macroeconomic / General Economic Conditions', what spin does the writer of the excerpt put on the highlighted quantity?:::Negative (e.g., prices skyrocketed)",frame:::None of the above,"frame:::Industry-specific (e.g., discusses agricultural prices, manufacturing output, and retail sales)","frame:::Macroeconomic / General Economic Conditions (e.g., discusses jobs, housing prices, and oil prices)","frame:::Firm-specific (e.g., discusses stock prices, debt offerings, and capital investments)",macro_indicator:::Confidence,"macro_indicator:::Wages (e.g., minimum wage, average wage)",macro_indicator:::Retail Sales,"macro_indicator:::Housing (e.g., Start, Sales, Pricing)","macro_indicator:::Macroeconomy (e.g., GDP)",macro_indicator:::Currency Values,"macro_indicator:::Market Numbers (e.g., any financial market)",macro_indicator:::None of the above,"macro_indicator:::Interest Rates (e.g., Fed, Mortgage)","macro_indicator:::Job Numbers (e.g., jobs, unemployment)",spin:::None of the above,"spin:::Negative (e.g., prices skyrocketed)","spin:::Neutral (e.g., GDP was worth X US dollars)","spin:::Positive (e.g., inflation dropped)"," If the quantity's general type is 'Macroeconomic / General Economic Conditions', what spin does the writer of the excerpt put on the highlighted quantity?:::Negative (e.g., prices skyrocketed)",You have answered all practice questions correctly! You may access the instructions at any time during the study using the links at the top left the screen.:::I have identified the links to the instruction set and codebook,"Good work! You answered the sample questions correctly. Please confirm that you have read all instructions, because you'll now do 2 examples on your own.:::I have read all provided instructions","If the quantity's general type is 'Macroeconomic / General Economic Conditions', please label the specific macroeconomic indicator. Select 'None of the above' if the quantity is not relevant to the U.S. economy or is not a macroeconomic / general conditions type.:::Market Numbers (e.g., any financial market)","The highlighted quantity should have a general type. Please label the type, or select 'Not Relevant' is a date or otherwise not relevant to the U.S. economy:::Macroeconomic / General Economic Conditions (e.g., discusses jobs, housing prices, and oil prices)"
hcastano,Economic-Article-Quant-Annotation-example1.html,example1,,"Question 1: The highlighted quantity should have a general type. Please label the type, or select 'Not Relevant' is a date or otherwise not relevant to the U.S. economy:::Firm-specific (e.g., discusses stock prices, debt offerings, and capital investments)","Question 2: If the quantity's general type is 'Macroeconomic / General Economic Conditions', please label the specific macroeconomic indicator. Select 'None of the above' if the quantity is not relevant to the U.S. economy or is not a macroeconomic / general conditions type.:::None of the above",,"Question 3: If the quantity's general type is 'Macroeconomic / General Economic Conditions', what spin does the writer of the excerpt put on the highlighted quantity?:::None of the above",,,,,,,,,,,,,,,,,,,,,,,,
hcastano,50136_10,"Pollster Scott Clement points out Clinton’s standing is similar to eight years ago, when she was 28 points ahead of Barack Obama (though the dynamics in 2016 are decidedly different), and that the race is much closer in both Iowa and New Hampshire. Clinton is being helped by the renewed focus on national security:<span> 64 percent</span> say she would handle terrorism better than he would. Sanders still leads on honesty, with 44 percent saying he is more honest and trustworthy than she is.",,,,,,,6,,,,,,,,,,,12,,,4,,,,,,,,
hcastano,40639_1,"He will step down early to ensure a successor is in place well before his term ends in January 2019  Updated Nov.<span> 6,</span> 2017 2:00 pm ET  The Federal Reserve Bank of New York announced Monday that its leader William Dudley is planning to step down early and retire in the middle of next year. In a press release, the bank said Mr. Dudley is planning to leave ahead of the end of his current term’s conclusion in January 2019 “to ensure that a successor is in place well before the end of his term.”  Mr. Dudley’s impending retirement had been a matter of speculation for central bank observers for a while, but many were caught off guard by the accelerated timetable.",,,,,,,6,,,,,,,,,,,12,,,4,,,,,,,,
hcastano,46412_6,"“I’m really amazed at some of the prices I see.” Mr. Hodges said he has been buying shares of materials stocks and home builders that have been engulfed by this week’s selling and are among the market’s worst performers this year. The S&P 500 dropped 46.88 points, or 1.7%, <span>to 2658.69 on</span> Friday. A dip of 0.8% next week would put it in correction territory for the first time since February.",,,,,,,,,0,,,,,,,,1,,,,,1,,,,,,,
hcastano,46188_6,"While growth faltered in the eurozone beginning in the first quarter of 2018, it has remained solid in the U.S.  Inflation  A central bank’s main job is to maintain slow and steady inflation to keep the economy humming along. The Fed targets <span>a 2% rate</span> while the ECB seeks a level close to but just under 2%. Inflation has been weak in both economies lately but it has come closer to the Fed’s goal.",,,,,,,,,0,,,,,,3,,,,,,,,2,,,,,,
hcastano,68812_0,"Fed rate hike: US interest rates hit 14-year high in inflation battle By Natalie Sherman Business reporter, New York - Published The US central bank has pushed interest rates to the highest level in <span>almost 15 years</span> as it fights to rein in soaring prices in the world's largest economy. The Federal Reserve announced it was raising its key rate by another 0.75 percentage points, lifting the target range to 3% to 3.25%.",,,,,,,6,,,,,,,,,,,12,,,4,,,,,,,,
hcastano,Economic-Article-Quant-Annotation-example2.html,example2,"Question 1: The highlighted quantity should have a general type. Please label the type, or select 'Not Relevant' is a date or otherwise not relevant to the U.S. economy:::Macroeconomic / General Economic Conditions (e.g., discusses jobs, housing prices, and oil prices)",,,"Question 2: If the quantity's general type is 'Macroeconomic / General Economic Conditions', please label the specific macroeconomic indicator. Select 'None of the above' if the quantity is not relevant to the U.S. economy or is not a macroeconomic / general conditions type.:::Housing (e.g., Start, Sales, Pricing)",,"Question 3: If the quantity's general type is 'Macroeconomic / General Economic Conditions', what spin does the writer of the excerpt put on the highlighted quantity?:::Negative (e.g., prices skyrocketed)",,,,,,,,,,,,,,,,,,,,,,,
hcastano,11647_2,"Speaking before House committee, emphasizes no decision has been made yet  Updated Nov. 4, 2015 4:09 pm ET  The Federal Reserve may raise short-term interest rates in mid-December so long as the U.S. economy remains on track, Chairwoman Janet Yellen said Wednesday. The Fed expects that “the economy will continue to grow at a pace that is sufficient to generate further improvements in the labor market and to return inflation to <span>our 2% target</span> over the medium term, and if the incoming information supports that expectation, then... December would be a live possibility,” Ms. Yellen said while testifying before the House Financial Services Committee. “But importantly, we’ve made no decision about it.”  Her remarks were echoed later Wednesday by Federal Reserve Bank of New York President William Dudley, who serves as vice chairman of the Fed’s rate-setting committee.",,,,,,,,,0,,,,,,3,,,,,,,,,0,,,,,
hcastano,77623_13,"“Look at the Dixie fire.” Firefighters are hoping an area they cleared along a creek about eight miles south of the lake’s shores will keep the flames from traveling toward South Lake Tahoe and ultimately the tens of thousands of businesses and residences that rim the lake. The blaze, which <span>is 25 percent</span> contained, has eaten up hillsides across from the Kirkwood ski resort, a 40-minute drive southeast of the lake, and Mr. Monday said firefighters were battling spot fires and “squirrelly winds” in the Kirkwood area. But so far, he added, the ski resort had been successfully protected.",,,,,,,6,,,,,,,,,,,12,,,4,,,,,,,,
hcastano,26962_13,"The government in Beijing, which keeps a firm grip on the value of its currency, weakened the renminbi by 0.34 percent against the dollar, setting the benchmark rate for trading in Shanghai at its weakest level in 15 months. China’s main stock index lost nearly 2 percent at one point on Monday, but it closed <span>down 0.3 percent</span>. The reaction was stronger in other Asian markets: In Tokyo, the main index fell 2 percent.",,,,,,,6,,,,,,,,,,,12,,,4,,,,,,,,
hcastano,785_7,"Overall consumer prices climbed a seasonally adjusted 8.2% in September from the same month a year ago, pulled down by a decline in gasoline prices that was partially offset by higher food costs, the Labor Department said Thursday. The reading was down from 8.3% in August <span>and 9.1% in</span> June, which was the highest inflation rate in four decades. So-called core prices—which exclude volatile energy and food prices—rose 6.6% in September from a year earlier, the biggest increase since August 1982.",,,,,,,,,0,,,,,,3,,,,,,,1,,,,,,,
hcastano,89039_3,"Mr. Moon,<span> 59 years</span> old, is from the country's southeastern province, the conservative power base. His election to parliament in April was the first time a liberal had been elected from his district in Busan, the country's second-largest city.",,,,,,,6,,,,,,,,,,,12,,,4,,,,,,,,
hcastano,15267_0,"So far, higher interest rates have crushed home sales, which are highly sensitive to borrowing costs, but had apparently no effect on the labor market. The unemployment rate <span>remained 3.7% in</span> November, which is historically low. In new projections published Wednesday, the Fed’s decision-makers said they expect unemployment to rise to 4.6% next year, which could represent a recessionary amount of job losses.",,,,,,,,,0,,,,,,,,,,,0,,,,0,,,,,
hcastano,Economic-Article-Quant-Annotation-instructions3_example.html,instructions3_example,,,,,,,,,,,,,,,,,,,,,,,,," If the quantity's general type is 'Macroeconomic / General Economic Conditions', what spin does the writer of the excerpt put on the highlighted quantity?:::Negative (e.g., prices skyrocketed)",,,,
hcastano,31569_20,"Its rising middle class shows there is room for more growth. Total consumption, top five countries Per capita China 28 billion gallons Mexico 72 gallons U.S.<span> 14 U</span>.S. 42 Mexico 9 Indonesia 33 Indonesia 9 Brazil 29 Brazil 6 China 20 Total consumption, top five countries Per capita China 28 billion gallons Mexico 72 gallons U.S. 14 U.S. 42 Mexico 9 Indonesia 33 Indonesia 9 Brazil 29 Brazil 6 China 20 Total consumption, top five countries Per capita China 28 billion gallons Mexico 72 gallons U.S. 14 U.S. 42 Mexico 9 Indonesia 33 Indonesia 9 Brazil 29 Brazil 6 China 20 Total consumption, top five countries China 28 billion gallons U.S. 14 Mexico 9 Indonesia 9 Brazil 6 Per capita Mexico 72 gallons U.S. 42 Indonesia 33 Brazil 29 China 20 Source: Beverage Marketing Corp. As people care more about the quality of tap water, they are more likely to turn to bottled water instead, said Mark Miao, a Shanghai-based market researcher at Euromonitor International. Four of the 10 largest packaged bottled-water companies world-wide are now Chinese, according to GlobalData, a research and consulting firm.",,,,,,,6,,,,,,,,,,,12,,,4,,,,,,,,
hcastano,46188_0,"Negative rates reflect sluggish growth in Europe  Sept.<span> 12,</span> 2019 3:33 pm ET  The European Central Bank’s decision Thursday to lower its key interest rate further below zero while relaunching an asset-purchase program means monetary policy in Europe is now even more stimulative than in the U.S.  That prompted a strong response from President Trump, who complained in a tweet that the ECB is weakening the euro against the U.S. dollar and thus “hurting U.S. exports,” while the Federal Reserve “sits, and sits, and sits.”  The Fed cut its benchmark rate by a quarter percentage point in July and is poised to do so again next week, which would lower the rate to a range between 1.75% and 2%. That would be well above the ECB’s key rate, which will drop to minus 0.5%.",,,,,,,6,,,,,,,,,,,12,,,4,,,,,,,,
hcastano,43854_15,"For the first full week of September, hotel occupancy in Houston grew to 80.5%, more than 44% higher than the occupancy rate during the same week a year earlier, according to STR Inc., a data company that tracks the hotel industry. In Port Arthur, a coastal city of <span>about 55,000,</span> Mayor Derrick Freeman called the housing situation “dire” in the wake of heavy flooding damage. This past week, one shelter at a middle school was full after the city’s main shelter had flooded weeks earlier, and some 250 people had been evicted from their homes by landlords because of flood damage, according to Mr. Freeman.",,,,,,,6,,,,,,,,,,,12,,,4,,,,,,,,
hcastano,40013_3,"Brent crude, the international benchmark, has eased off a recent 3½-year high of around $80, on expectations that the Organization of the Petroleum Exporting Countries will boost output when it meets this week. Before that retreat, oil was up more <span>than 20% this</span> year. There are global winners, along with losers.",,,,,,,,2,,,,,,,,,,12,,,4,,,,,,,,
hcastano,38910_0,"Ms. Clinton’s strategy begins with a pledge to defend President Obama’s greenhouse-gas regulations, the final version of which will emerge soon from the Environmental Protection Agency. Those underpin Mr. Obama’s promise to world leaders that the United States will reduce its greenhouse emissions <span>by 26 percent</span> to 28 percent by 2025 and increase renewables to 20 percent of the power grid by 2030. Ms. Clinton would enhance that commitment, promising that a full third of U.S. electricity would come from renewables by 2027, with an emphasis on installing new solar panels.",,,,,,,6,,,,,,,,,,,12,,,4,,,,,,,,
hcastano,76378_4,"More than 41,000 Americans have been infected. Stay-at-home orders will soon apply <span>to 158 million</span> Americans, nearly half the population. A new estimate from Northwestern University economists projects the measures are working and could prevent 600,000 deaths.",,,,,,,6,,,,,,,,,,,12,,,4,,,,,,,,
hcastano,32527_6,"Not 10 days later, as the toll hit 5,883 infections and 233 dead, the party boss, Nicola Zingaretti, posted a new video, this time informing Italy that he, too, had the virus. Italy now has more than 53,000 recorded infections and more <span>than 4,800 dead</span>, and the rate of increase keeps growing, with more than half the cases and fatalities coming in the past week. On Saturday, officials reported 793 additional deaths, by far the largest single-day increase so far.",,,,,,,6,,,,,,,,,,,12,,,4,,,,,,,,
hcastano,76641_2,"1 trading partner, eclipsing Canada and China. The Mexican peso slid about 3 percent on the news, to <span>almost 20 pesos</span> to the dollar. López Obrador said he believes that Trump will not follow through on his announcement late Thursday of a plan to impose a series of 5 percent tariff increases on all goods from Mexico unless it stops the migration flow.",,,,,,,,,0,,,,,,,9,,,,,,,2,,,,,,
hcastano,785_2,"Retail sales grew 0.3% in August from the month before, a reversal after July’s 0.4% drop, which largely reflected falling gasoline prices. Retail sales <span>rose 9.1% from</span> August 2021. Economists polled by The Wall Street Journal estimate that seasonally adjusted retail sales rose 0.3% in September from August.",,,,,,,,,0,,,,7,,,,,,,,,,2,,,,,,
hcastano,19694_14,"3-D stocks though are off to a rough start this year with industry leaders 3D Systems Corp. DDD 1.66%increase; green up pointing triangle down 40% and Stratasys Ltd. SSYS -1.48%decrease; red down pointing triangle off about 19% since the start of 2014. Still, some 3-D stocks remain priced <span>at 50 to</span> 70 times projected 2014 earnings, attracting comparisons to the overheated market for Internet stocks during the early 2000s. ExOne shares are up 42% since going public in February 2013, but off 53% from its August high.",,,,,,,,2,,,,,,,,,,12,,,4,,,,,,,,
hcastano,68812_6,"But the war in Ukraine, which disrupted oil and good supplies, added to the problem. And while oil prices have since come down, inflation pressures are now bubbling across the economy, with the most recent data showing inflation <span>at 8.3% in</span> August, with big increases in housing, health care and education costs. Wages, while rising, have not kept pace, hurting household budgets.",,,,,,,,,0,,,,,,3,,,,,,,1,,,,,,,
hcastano,77623_28,"The Schuylkill had reached the “major” flood stage designation overnight, leaving cars across the city nearly completely under water. “We are still doing water rescues across the city; we’ve done that for the <span>past 15 hours</span> now continually,” Adam Thiel, the Philadelphia fire commissioner, said in a news briefing. “We know that the flooding reached levels that have not been seen in 100 years,” he added.",,,,,,,6,,,,,,,,,,,12,,,4,,,,,,,,
hcastano,65566_41,"Canceling the show would “hurt thousands of smaller companies, entrepreneurs and innovators” who depend on the show to introduce their products, Gary Shapiro, the chief executive of the Consumer Technology Association, the trade group that organizes CES, wrote in an opinion column in The Las Vegas Review-Journal. (The conference is also important for Las Vegas, which reaped an estimated $291 million from spending tied to it <span>in 2020.</span>) Mr. Shapiro noted that the conference had embraced pandemic protections like requiring attendees to be fully vaccinated and masked while on the show floor, and that testing was readily available.",,,,,,,6,,,,,,,,,,,12,,,4,,,,,,,,
hcastano,95609_11,"Central bankers are eager to act early to safeguard the long economic expansion because they appear to have limited policy space to counteract any recession with interest rates already low. The eurozone economy is still expanding and its inflation rate is <span>above 1%,</span> not far from the ECB’s target. That is a marked change from the ECB’s last major round of stimulus in early 2016, when the currency union was flirting with deflation, or a cycle of falling prices.",,,,,,,6,,,,,,,,,,,12,,,4,,,,,,,,
hcastano,11692_5,"Lazard, for example, has moved into more internationally diverse U.K. businesses, such as food and tobacco companies, which the firm believes should be comparatively insulated. London’s FTSE AIM 100 index, composed of small-cap companies, has fallen 5.2% this year, while the large-cap FTSE 100 index is <span>down 1.1%.</span> A British exit also could boost euroskeptic parties across Europe, possibly encouraging other nations, such as the Netherlands, to leave the EU, according to strategists.",,,,,,,6,,,,,,,,,,,12,,,4,,,,,,,,
hcastano,63046_1,"Fed Poised to Look a Bit More Divided New voters bring more-hawkish views to policy-setting committee The Federal Reserve in 2016 could look more divided as policy makers assess the health of the U.S. economy and debate whether, when and how much further to raise short-term interest rates. The regular rotation of voting seats on the rate-setting Federal Open Market Committee will mean a more prominent role in the coming year for several officials who argued for the central bank to start raising rates well ahead of its Dec.<span> 16 decision</span> to do so. They replace officials who generally voted with the majority in 2015 and could produce more dissents on Fed policy if the debate that preceded the first rate increase in nearly 10 years foreshadows disagreement about the pace of further rate increases.",,,,,,,6,,,,,,,,,,,12,,,4,,,,,,,,
hcastano,15267_3,"Some measurements of inflation, meanwhile, have begun to suggest that price pressures are moderating. The consumer price index showed prices rose 7.1% in November compared to the previous year ― still historically high but down <span>from 7.7% in</span> October and 8.2% in September. Powell described the current strength of the labor market as an obstacle to reducing inflation on Wednesday.",,,,,,,,,0,,,,,,3,,,,,,,,,0,,,,,
hcastano,39304_8,"The 2015 “net neutrality” rules were one of the signature regulatory actions of the Obama administration, requiring broadband providers to treat all traffic equally, without blocking or slowing content, or providing fast lanes for favored sites and services. * China Ratchets Up Pressure on Foreign CompaniesApril 27,<span> 2023,</span> * Amazon Rebounds From Postpandemic Doldrums, but Says Cloud Growth Is SlowingApril 27, 2023, * Stocks Rally, Led by NasdaqApril 27, 2023,  * China Ratchets Up Pressure on Foreign CompaniesApril 27, 2023, * Amazon Rebounds From Postpandemic Doldrums, but Says Cloud Growth Is SlowingApril 27, 2023, * Stocks Rally, Led by NasdaqApril 27, 2023, * Higher Rates Hit U.S. GrowthApril 27, 2023, * Denied a Gun License Over School Threat, Accused Leaker Jack Teixeira Later Got Top-Secret ClearanceApril 27, 2023, * Iran Seizes U.S.-Bound Oil TankerApril 27, 2023, * DeSantis’s Miscalculation: ‘Disney Is Playing the Long Game’April 27, 2023, * U.S. Sanctions Russian, Iranian Security Services Over Wrongful DetentionsApril 27, 2023, * Fire Sale: $300 Million San Francisco Office Tower, Mostly Empty. Open to Offers.",,,,,,,6,,,,,,,,,,,12,,,4,,,,,,,,
hcastano,83514_7,"The cigarette smoking rate has been declining in the U.S. for decades, though it rose slightly in 2020 when the pandemic hit. <span>About 12.5% of</span> adults in the U.S., or 30.8 million people, were cigarette smokers in 2020, according to the Centers for Disease Control and Prevention. U.S. cigarette sales are expected to drop this year to about $95 billion from $99 billion last year, according to Euromonitor International.",,,,,,,,2,,,,,,,,,,12,,,4,,,,,,,,
hcastano,74250_9,"Traders drove down the spread between French and German government bonds, which had widened during the presidential campaign. The 10-year French bond <span>yielded 0.76% in</span> early trading Monday, a spread of 0.42 percentage point above benchmark German debt. The spread was 0.64 percentage point on Friday.",,,,,,,6,,,,,,,,,,,12,,,4,,,,,,,,
hcastano,Economic-Article-Quant-Annotation-confirm.html,confirm,,,,,,,,,,,,,,,,,,,,,,,,,,You have answered all practice questions correctly! You may access the instructions at any time during the study using the links at the top left the screen.:::I have identified the links to the instruction set and codebook,,,
hcastano,42091_0,"Positions pared in tech stocks, Treasurys and other assets that have generated big returns  Sept.<span> 25,</span> 2019 8:00 am ET  U.S. stocks’ September assault on record levels is prompting many investors to shift toward assets that have lagged behind in recent years, the latest bet that value strategies will regain favor. Assets under management for one of the biggest value-focused exchange-traded funds tracked by FactSet hit a record $50.3 billion in September.",,,,,,,6,,,,,,,,,,,12,,,4,,,,,,,,
hcastano,57262_7,"The EIG report — which focused specifically on income from interest, stock dividends and rent — discovered that the gap between counties with the lowest and highest asset income per capita increased sixfold between 1990 and 2019. And asset income has become more geographically concentrated: It nearly doubled since 1990 in the <span>top 10% of</span> counties, but barely changed for the bottom 90% of counties. The report demonstrates that while asset values may soar, they are only enjoyed by a fraction of Americans, while the rest must depend on wages.",,,,,,,,,0,,,,,,,,1,,,,,,2,,,,,,
hcastano,86825_18,"Dr. Walensky said providing booster shots to health care workers and others who risk contracting the disease on the job would “best serve the nation’s public health needs.” SEOUL — South Korea reported its highest number of new coronavirus infections for a single day on Friday, soon after a long holiday weekend. The Korea Disease Control and Prevention Agency reported 2,434 new infections, surpassing the previous record <span>of 2,221 infectionsset</span> last month. At a briefing on Friday, health officials said the spike was partly because of the Chuseok holiday, when many people traveled across the country and spent time with friends and family.",,,,,,,6,,,,,,,,,,,12,,,4,,,,,,,,
hcastano,7188_2,"RUSSIA INVADES UKRAINE: UPDATES Rubin said this poll shows voters are in a ""stupid"" nutshell."" ""[V]oters in a (stupid) nutshell: According to ABC News/Ipsos data, 70% disapprove of Biden's handling of gas prices, though even more respondents --<span> 77% </span>-- support his proposal to ban Russian oil, even if it means paying more at the pump,"" she tweeted. Although the White House and its allies in the media have attempted to blame ongoing inflation issues on Russian President Vladimir Putin because of his invasion of Ukraine, inflation reports indicated record levels of increase in February, prior to the invasion.",,,,,,,6,,,,,,,,,,,12,,,4,,,,,,,,
hcastano,15283_22,"Prices hit the highest levels for a front-month contract in seven weeks on Jan 3. The June contract, meanwhile, closed <span>at $1.009 a</span> pound, about a 15-cent premium over the February contract. Usually, the gap between the February and June hog contracts is about 12 cents, according to analysts.",,,,,,,,2,,,,,,,,,,12,,,4,,,,,,,,
hcastano,88252_32,"Before the uprising began in March 2011, he said, Syria produced about 380,000 barrels of oil and more than a billion cubic feet of natural gas daily. Production is down to just 50,000 barrels of oil <span>and 565 million</span> cubic feet of gas, he said. Most of the country's largest oil fields, in the northeastern and eastern provinces of Deir al-Zour, Hasakah and Raqqa, are ""temporarily"" under the control of rebels and antigovernment militias, according to the official.",,,,,,,,2,,,,,,,,,,12,,,4,,,,,,,,
hcastano,68812_15,"Will rate rises lead to a recession? Forecasts released by the Fed show policymakers expect growth in the US to slow to a crawl this year, <span>to 0.2%.</span> They see growth picking up to 1.2% next year, but predict the unemployment rate will rise to 4.4%.",,,,,,,,,0,,,,,,3,,,,,,,1,,,,,,,
hcastano,7402_13,"― Lydia O’Connor Nearly 3.2 million More Americans Filed For Unemployment Last Week — 5/7/20, 9:02 a.m. ET Nearly 3.2 million laid-off workers in the U.S. applied for unemployment aid last week, bringing the total number of Americans who have filed unemployment claims since the coronavirus pandemic forced widespread business shutdowns <span>to 33.5 million</span>, The Associated Press reports. One in five Americans who had been in the workforce as of February have now been laid off.",,,,,,,,,0,,,,,,,,,,,0,,1,,,,,,,
hcastano,65531_17,"Industry Standing AT&T and Time Warner already compete with different players in various markets. How they stack up: AT&T Time Warner Pay-TV distributors Wireless providers COMPANY U.S. subscribers, MILLIONs video subscribers, MILLIONs COMPANY 25.2 22.4 17.0 13.2 4.6 Verizon AT&T T-Mobile Sprint 116.3 93.2 58.7 40.9 AT&T* Comcast Charter Dish* Verizon Premium/on-demand brands TV-channel owners COMPANY U.S. subscribers‡, MILLIONs share of tv viewers† COMPANY NBC/Universal Disney Discovery/Scripps Fox Viacom Time Warner 19% 15 14 13 11 11 HBO/Cinemax Netflix Showtime Starz Hulu 54 53 25 24 17 Time Warner AT&T Pay-TV distributors Wireless providers video subscribers, MILLIONs COMPANY U.S. subscribers, MILLIONs COMPANY 116.3 93.2 58.7 40.<span>9 25.2 22</span>.4 17.0 13.2 4.6 AT&T* Comcast Charter Dish* Verizon Verizon AT&T T-Mobile Sprint Premium/on-demand brands TV-channel owners share of tv viewers† COMPANY U.S. subscribers‡, MILLIONs COMPANY 19% 15 14 13 11 11 HBO/Cinemax Netflix Showtime Starz Hulu 54 53 25 24 17 NBC/Universal Disney Discovery/Scripps Fox Viacom Time Warner AT&T Time Warner Pay-TV distributors Wireless providers COMPANY video subscribers, MILLIONs U.S. subscribers, MILLIONs COMPANY 116.3 93.2 58.7 40.9 Verizon AT&T T-Mobile Sprint 25.2 22.4 17.0 13.2 4.6 AT&T* Comcast Charter Dish* Verizon Premium/on-demand brands TV-channel owners U.S. subscribers‡, MILLIONs share of tv viewers† COMPANY COMPANY HBO/Cinemax Netflix Showtime Starz Hulu NBC/Universal Disney Discovery/Scripps Fox Viacom Time Warner 54 53 25 24 17 19% 15 14 13 11 11 AT&T Time Warner Pay-TV distributors COMPANY video subscribers, MILLIONs AT&T* Comcast Charter Dish* Verizon 25.2 22.4 17.0 13.2 4.6 Wireless providers COMPANY U.S. subscribers, MILLIONs Verizon AT&T T-Mobile Sprint 116.3 93.2 58.7 40.9 TV-channel owners share of tv viewers† COMPANY 19% 15 14 13 11 11 NBC/Universal Disney Discovery/Scripps Fox Viacom Time Warner Premium/on-demand brands U.S. subscribers‡, MILLIONs COMPANY HBO/Cinemax Netflix Showtime Starz Hulu 54 53 25 24 17 *Includes 1.2M DirecTV Now connections and 2.2M Sling TV subscribers †Share of broadcast and cable programs watched live or within seven days for the current season (Sept. 25, 2017 - Feb. 25, 2018) ‡Estimates Sources: Leichtman Research Group (pay TV); MoffettNathanson (TV channels); Kagan, S&P Global Market Intelligence (premium/on-demand TV); the companies Question of competition The case raises this central question: If AT&T buys Time Warner, would it lead to substantially less competition? Both sides lay out their arguments in court papers filed in the case.",,,,,,,6,,,,,,,,,,,12,,,4,,,,,,,,
hcastano,7188_1,"RUSSIA INVADES UKRAINE: UPDATES Rubin said this poll shows voters are in a ""stupid"" nutshell."" ""[V]oters in a (stupid) nutshell: According to ABC News/Ipsos data,<span> 70% disapprove</span> of Biden's handling of gas prices, though even more respondents -- 77% -- support his proposal to ban Russian oil, even if it means paying more at the pump,"" she tweeted. Although the White House and its allies in the media have attempted to blame ongoing inflation issues on Russian President Vladimir Putin because of his invasion of Ukraine, inflation reports indicated record levels of increase in February, prior to the invasion.",,,,,,,,,0,,6,,,,,,,,,,,1,,,,,,,
hcastano,74250_20,"“This is the most market-friendly outcome,” said Vincent Juvyns, a strategist at J.P. Morgan Asset Management. “A Macron-Le Pen contest in the second round should give Macron a significant majority.”  Conservative François Fillon placed third <span>with 19.9% of</span> the vote and threw his support behind Mr. Macron. Mr. Mélenchon scored 19.5% of the vote and refused to support one of the top two finishers as of Sunday evening.",,,,,,,6,,,,,,,,,,,12,,,4,,,,,,,,
hcastano,89039_0,"Presidential Vote Comes as Economic and Territorial Tensions Rise; Candidate Reaches Out to Her Father's Foes for Help  Updated Dec.<span> 17,</span> 2012 8:01 pm ET  JEONJU, South Korea—Park Geun-hye is vying to become South Korea's first woman president. To do so, she is reaching out to some of the people who were arrested, jailed and even exiled when her father was president in the 1960s and 1970s.",,,,,,,6,,,,,,,,,,,12,,,4,,,,,,,,
hcastano,37452_8,"They found that infection rates at least 12 days after a third injection were five- to 11-fold lower among the boosted population than among those who did not receive an extra injection. Rates of severe illness were 6.5-fold lower for <span>those 60 years</span> or older and threefold lower for those aged 40 to 60, the researchers said. Death rates were nearly fivefold lower for those aged 60 and up.",,,,,,,6,,,,,,,,,,,12,,,4,,,,,,,,
hcastano,59610_55,"Earlier this week, Stafford and Paul both tweeted a link to a Breitbart story that cast a doubt on a report by the New York Times that pointed to landscaping issues as the origin of the altercation: November 8, 2017 November 8, 2017 Paul's 59-year-old neighbor, Rene Boucher, pleaded not guilty to a misdemeanor assault charge yesterday. He faces the potential for much more serious federal and state felony charges as the investigation into the incident continues, Ed O’Keefe and Brandon Gee report, and a pretrial conference was set for Nov.<span> 30.</span> Meanwhile, we can all continue speculating around the Twitterverse: HuffPost’s Jennifer Bendery: This is quite a dispute about grass clippings.",,,,,,,6,,,,,,,,,,,12,,,4,,,,,,,,
hcastano,60609_6,"Mr. Kim, believed now to be 32 years old, had his hair closely cropped in his grandfather’s style and wore the black Mao-style uniforms and western suits favored by Kim Il Sung. The embalmed body of Kim Il Sung, who ruled from the country’s founding in 1948 until his death <span>in 1994,</span> lies in a viewing case at an airport-sized mausoleum. Most citizens wear a badge with his picture on the left side of their chest.",,,,,,,6,,,,,,,,,,,12,,,4,,,,,,,,
hcastano,83514_8,"The cigarette smoking rate has been declining in the U.S. for decades, though it rose slightly in 2020 when the pandemic hit. About 12.5% of adults in the U.S., <span>or 30.8 million</span> people, were cigarette smokers in 2020, according to the Centers for Disease Control and Prevention. U.S. cigarette sales are expected to drop this year to about $95 billion from $99 billion last year, according to Euromonitor International.",,,,,,,,2,,,,,,,,,,12,,,4,,,,,,,,
hcastano,68812_12,"Uncertainty weighs heavily New Yorker Sean V said he felt lucky that he bought a two-bedroom condo last year, before borrowing costs started their climb, locking in a mortgage rate around 2.6%. But the 30-year-old works in the home loan industry, which has seen business plunge as mortgage rates <span>cross 6% for</span> the first time since 2008. He said he feared losing his job ""every single day"" and was cutting back spending and scrapping holiday plans amid the uncertainty.",,,,,,,,,0,,,,,,,,,,8,,,1,,,,,,,
hcastano,4331_15,"Still, the Institute for the Study of War, a research group based in Washington, said that if confirmed, the “limited Ukrainian incursion onto the east bank could open avenues for Ukrainian forces to begin to operate on the east bank.” When Ukraine entered Kherson city three weeks ago after Russian forces withdrew — a watershed moment in the nine-month war — its troops secured the whole of the western bank of the river in the region. The next phase of their counteroffensive in the south would likely involve pushing across the river and trying to reclaim land that stretches south to the coast and leads to Crimea, the peninsula illegally annexed by Moscow <span>in 2014.</span> On Saturday, Ukrainian officials issued an urgent call for civilians to leave Russian-occupied areas on the eastern bank because of “the possible intensification of hostilities in this area.” Several factors, however, have made further progress uncertain for Ukraine.",,,,,,,6,,,,,,,,,,,12,,,4,,,,,,,,
hcastano,60609_14,"“Once the major purges took place, we thought he was solid,” said Mr. Medeiros, who is now Asia head for consultancy Eurasia Group. Kim Jong Un’s grandfather also consolidated power through purges of potential challengers in 1953,<span> 1956,</span> and 1967. None, however, were known to rival the execution by antiaircraft fire of a North Korean defense minister under Mr. Kim, as alleged last year by South Korea’s spy agency.",,,,,,,6,,,,,,,,,,,12,,,4,,,,,,,,
hcastano,Economic-Article-Quant-Annotation-instructions_confirm.html,instructions_confirm,,,,,,,,,,,,,,,,,,,,,,,,,,,"Good work! You answered the sample questions correctly. Please confirm that you have read all instructions, because you'll now do 2 examples on your own.:::I have read all provided instructions",,
hcastano,31861_11,"If Republicans take back control of the House, Stefanik is poised to play a key role in running the chamber. Analysis: Just how bad was Perdue’s loss in Georgia?Return to menu Former U.S. senator David Perdue lost Georgia’s Republican primary for governor to incumbent Brian Kemp by a <span>stunning 52 points</span>. Just how bad is that?",,,,,,,6,,,,,,,,,,,12,,,4,,,,,,,,
hcastano,20435_6,"The Celtics are near the bottom of the league in drives to the rim per game, which you can get away with if the offense is hitting its jumpers, which it’s not. And when the ball finds its way into the paint, in the restricted area, the Celtics <span>shoot 61 percent</span>, also below mediocre. And then there’s Gordon Hayward, who clearly still needs time.",,,,,,,6,,,,,,,,,,,12,,,4,,,,,,,,
hcastano,66212_19,"It will also provide a test of the power of an endorsement from Mr. Trump, who is backing Ms. McGeachin over the incumbent. A poll published last month by the Idaho Dispatch showed Mr. Little with the support of 60% of likely GOP primary voters, compared <span>to 29% for</span> Ms. McGeachin. Mr. Little and Ms. McGeachin have clashed publicly since he was elected in 2018.",,,,,,,6,,,,,,,,,,,12,,,4,,,,,,,,
hcastano,Economic-Article-Quant-Annotation-instructions2_example.html,instructions2_example,,,,,,,,,,,,,,,,,,,,,,,,,,,,"If the quantity's general type is 'Macroeconomic / General Economic Conditions', please label the specific macroeconomic indicator. Select 'None of the above' if the quantity is not relevant to the U.S. economy or is not a macroeconomic / general conditions type.:::Market Numbers (e.g., any financial market)",
hcastano,77623_14,"But so far, he added, the ski resort had been successfully protected. Thomas Fuller and Advertisement The Dixie fire, a California megablaze that has torn through close <span>to 860,000 acres</span> of mainly forest and cast a pall of noxious smoke across the country, has now been burning for nearly 50 days, wearying firefighters and evacuees who are hoping for the nightmare to end. More than 1,200 buildings have been destroyed, including much of the Gold Rush era town of Greenville.",,,,,,,6,,,,,,,,,,,12,,,4,,,,,,,,
hcastano,42242_9,"Homeowners seem to be sitting out the market, waiting for the return of the good times. This helps explain why median sales prices have fallen by only about 7 percent, from a June high of $413,800 to<span> $384,800 in</span> September — and were still up year-over-year. Of course, that 7 percent decline might be a good deal if interest rates fall back to where they were fairly quickly.",,,,,,,,,0,,,,,2,,,,,,,,,2,,,,,,
hcastano,28210_0,"The Houston Astros took four years to mutate from baseball’s worst team to its best. But even at their lowest point, as they stumbled to a franchise-<span>record 111 losses</span> in 2013, they constantly emphasized their brand of ambition. Everywhere they went that season, the Astros took an upright, game show-style spinning wheel for their clubhouse.",,,,,,,6,,,,,,,,,,,12,,,4,,,,,,,,
hcastano,22778_1,"This looming new supply may be a key reason Saudi Arabia’s giant oil producer, Aramco, pushed ahead on Sunday with plans for what could be the world’s largest initial stock offering ever. Together, the four countries stand to add nearly a million barrels a day to the market in 2020 and nearly a million more <span>in 2021,</span> on top of the current world crude output of 80 million barrels a day. That boost in production, along with global efforts to lower emissions, will almost certainly push oil prices down.",,,,,,,6,,,,,,,,,,,12,,,4,,,,,,,,
hcastano,42077_12,"In a moderate-risk zone, an area has a 0.2 percent chance of flooding in any year, in what is called a 500-year flood. Put another way, houses in a high-risk zone have a one-in-four chance of being flooded over the course of a 30-year mortgage, compared with <span>a 10 percent</span> risk of having a fire. Federal law requires anyone with a mortgage in the highest-risk areas to get flood insurance.",,,,,,,6,,,,,,,,,,,12,,,4,,,,,,,,
hcastano,73084_0,"Oct.<span> 7,</span> 2009 12:01 am ET  Even our fantasies are being downsized. Neiman Marcus Group Inc. mailed out its annual Christmas Book catalog, which each year features over-the-top ""fantasy"" gifts, to one million customers on Tuesday.",,,,,,,6,,,,,,,,,,,12,,,4,,,,,,,,
hcastano,22778_31,"And the most striking change will be in Guyana, a tiny South American country where Exxon Mobil has made a string of major discoveries over the last four years. Production will reach 120,000 barrels a day early next year, rising to at <span>least 750,000 barrels</span> by 2025, and more is expected after that. Guyana potentially has the most complicated future of the four countries.",,,,,,,,2,,,,,,,,,,12,,,4,,,,,,,,
hcastano,77015_11,"Now, Starbucks is betting people will pay as much as $1 an ounce. * U.S. Stocks Rally; Meta Shares JumpLive Coverage, * Consumers Prop Up Economy as Higher Rates Hit GrowthApril 27,<span> 2023,</span> * Chinese Authorities Question Bain Staff in ShanghaiApril 27, 2023,  * U.S. Stocks Rally; Meta Shares JumpLive Coverage, * Consumers Prop Up Economy as Higher Rates Hit GrowthApril 27, 2023, * Chinese Authorities Question Bain Staff in ShanghaiApril 27, 2023, * Why No Buyer Has Emerged for First RepublicApril 27, 2023, * Lyft Says it Will Cut More Than 1,000 People in New Round of LayoffsApril 27, 2023, * Iran Seizes U.S.-Bound Oil TankerApril 27, 2023, * DeSantis’s Miscalculation: ‘Disney Is Playing the Long Game’April 27, 2023, * U.S. Sanctions Russian, Iranian Security Services Over Wrongful DetentionsApril 27, 2023, * Fire Sale: $300 Million San Francisco Office Tower, Mostly Empty. Open to Offers.",,,,,,,6,,,,,,,,,,,12,,,4,,,,,,,,
hcastano,14981_17,"Also high on the sell list: crypto. So far this year, bitcoin has lost more than half of its value and currently trades at its lowest level since <span>late 2020.</span> Ethereum, another popular cryptocurrency, has fallen around 68% so far this year.",,,,,,,6,,,,,,,,,,,12,,,4,,,,,,,,
hcastano,20435_15,"In six N.B.A. seasons, Randolph started just 43 games and <span>averaged 7.1 points</span>. For Mavericks fans, that player was Rodrigue Beaubois.",,,,,,,6,,,,,,,,,,,12,,,4,,,,,,,,
hcastano,8238_5,"December Inflation ReportConsumer Price Gains Continue to Cool + 14 % Inflation + 12 + 10 +6.5% in Dec. + 8 +5.7% excluding food and energy + 6 +<span> 4 </span>+ 2 0 – 2 ’70 ’80 ’90 ’00 ’10 ’20 + 14 % + 12 Inflation + 10 + 8 +6.5% in Dec. + 6 +5.7% excluding food and energy + 4 + 2 0 – 2 1965 ’70 ’75 ’80 ’85 ’90 ’95 2000 ’05 ’10 ’15 ’20 + 14 % + 12 Inflation + 10 + 8 +6.5% in Dec. + 6 +5.7% excluding food and energy + 4 + 2 0 – 2 1965 ’70 ’75 ’80 ’85 ’90 ’95 2000 ’05 ’10 ’15 ’20 Inflation continued to slow on an annual basis in December, welcome relief for American households and a positive development for policymakers at the Federal Reserve and the White House. The Consumer Price Index climbed 6.5 percent in the year through last month, down from 7.1 percent in the November reading, as prices declined slightly on a monthly basis.",,,,,,,6,,,,,,,,,,,12,,,4,,,,,,,,
hcastano,76378_21,"The dollar slumped following a 10-day winning streak, and Treasuries slipped. ""Contracts on the S&P 500, <span>Nasdaq 100 and</span> Dow Jones Industrial Average all jumped more than 5% to hit their upper trading curbs… The Stoxx Europe 600 Index also surged, led by insurers and energy companies, even as data began to show the extent of economic damage to the region from the coronavirus pandemic. Benchmarks in Tokyo, Hong Kong and Sydney all climbed at least 3% while Korean shares soared almost 9% as the government announced measures to stabilize financial markets.” — Brent crude edged higher: “Oil prices inched higher … while U.S. gasoline prices plunged more than 30 percent to a record low as global restrictions on travel to slow the spread of coronavirus destroyed demand for fuel,” Reuters's Devika Krishna Kumar reports.",,,,,,,6,,,,,,,,,,,12,,,4,,,,,,,,
hcastano,50136_29,"SOCIAL MEDIA SPEED READ: — ZIGNAL VISUAL: Here’s how the Cruz vs. Rubio spat looks through analytics. Since Wednesday, there have been 178,000 total mentions of Cruz, compared to <span>about 86,000 of</span> Rubio, according to our analytics partners at Zignal Labs. This word cloud shows how mentions of immigration, particularly the Gang of 8 bill, are dominating the chatter about Cruz since Tuesday night: In the 15,000 news articles that have mentioned Cruz in print and online since the debate, more than 11,000 mention the immigration kerfuffle with Rubio.",,,,,,,6,,,,,,,,,,,12,,,4,,,,,,,,
hcastano,11692_15,"To be sure, investors say the vote also is providing moneymaking opportunities. Betting against the pound was a profitable trade for many in <span>early 2016.</span> The weaker currency has also been a boon for U.K. companies that sell the bulk of their goods abroad, as it makes their products more competitive there.",,,,,,,6,,,,,,,,,,,12,,,4,,,,,,,,
hcastano,85751_7,"Housing data have been mixed. The National Association of Realtors said Thursday that the number of previously owned houses going into contract <span>fell 1.5% from</span> the previous month. On a year-over-year basis, the measure has been down for 16 consecutive months.",,,,,,,,,0,,,,,2,,,,,,,,,2,,,,,,
hcastano,77623_1,"Extreme Weather and Climate UpdatesSept. 2,<span> 2021,</span> 8:13 p.m. ET Four Louisiana nursing home residents who were evacuated ahead of Hurricane Ida have died at facility where state inspectors were prevented from conducting a full assessment this week, state officials said on Thursday.",,,,,,,6,,,,,,,,,,,12,,,4,,,,,,,,
hcastano,32527_4,"As Italy’s coronavirus infections ticked above 400 cases and deaths hit the double digits, the leader of the governing Democratic Party posted a picture of himself clinking glasses for “an aperitivo in Milan,” urging people “not to change our habits.” That was on Feb. 27. Not 10 days later, as the toll hit 5,883 infections <span>and 233 dead</span>, the party boss, Nicola Zingaretti, posted a new video, this time informing Italy that he, too, had the virus. Italy now has more than 53,000 recorded infections and more than 4,800 dead, and the rate of increase keeps growing, with more than half the cases and fatalities coming in the past week.",,,,,,,6,,,,,,,,,,,12,,,4,,,,,,,,
hcastano,74250_8,"Against the Japanese yen, the euro surged as high 120.82, up 3.3%. Gains moderated in recent action, with the euro up 1.2% against the dollar <span>and 2.1% against</span> the yen. Traders drove down the spread between French and German government bonds, which had widened during the presidential campaign.",,,,,,,,,0,,,,,,,9,,,,,,,2,,,,,,
hcastano,28092_5,"The government's 13.8% worst-case loss-rate for second-lien mortgages seems fair. But it is a stretch to think Wells Fargo WFC 1.79%increase; green up pointing triangle, with its large home-equity book focused on stressed housing markets, will have a lower-than-sector loss rate <span>of 13.2%.</span> The government may have been too optimistic in positing an 8.5% commercial-real-estate loss rate.",,,,,,,,,0,,,,,2,,,,,,,,,2,,,,,,
hcastano,47035_21,"It also spawned a pair of explosive and potentially groundbreaking lawsuits, with one tentatively set to go to trial this fall. * China Ratchets Up Pressure on Foreign CompaniesApril 27,<span> 2023,</span> * Amazon Rebounds From Postpandemic Doldrums, but Says Cloud Growth Is SlowingApril 27, 2023, * Stocks Rally, Led by NasdaqApril 27, 2023,  * China Ratchets Up Pressure on Foreign CompaniesApril 27, 2023, * Amazon Rebounds From Postpandemic Doldrums, but Says Cloud Growth Is SlowingApril 27, 2023, * Stocks Rally, Led by NasdaqApril 27, 2023, * Higher Rates Hit U.S. GrowthApril 27, 2023, * Denied a Gun License Over School Threat, Accused Leaker Jack Teixeira Later Got Top-Secret ClearanceApril 27, 2023, * Iran Seizes U.S.-Bound Oil TankerApril 27, 2023, * DeSantis’s Miscalculation: ‘Disney Is Playing the Long Game’April 27, 2023, * U.S. Sanctions Russian, Iranian Security Services Over Wrongful DetentionsApril 27, 2023, * Fire Sale: $300 Million San Francisco Office Tower, Mostly Empty. Open to Offers.",,,,,,,6,,,,,,,,,,,12,,,4,,,,,,,,
hcastano,785_6,"Overall consumer prices climbed a seasonally adjusted 8.2% in September from the same month a year ago, pulled down by a decline in gasoline prices that was partially offset by higher food costs, the Labor Department said Thursday. The reading was down <span>from 8.3% in</span> August and 9.1% in June, which was the highest inflation rate in four decades. So-called core prices—which exclude volatile energy and food prices—rose 6.6% in September from a year earlier, the biggest increase since August 1982.",,,,,,,,,0,,,,,,,,1,,,,,,2,,,,,,
hcastano,90497_10,"Untreated hearing loss can lead to cognitive decline, isolation and dementia, but only a fraction of the 28.8 million who could benefit from hearing aids use them, according to the National Institute on Deafness and Other Communication Disorders. Of those who could benefit, <span>just 16 percent</span> of adults under 69 and just 30 percent over 70 have them, the agency said. Studies have shown that it takes up to seven years from the time someone first learns they have hearing loss to the point they purchase a hearing aid.",,,,,,,6,,,,,,,,,,,12,,,4,,,,,,,,
hcastano,26962_10,"“This is another knock for global markets and, taken together, it’s a pretty toxic environment.” China’s currency, the renminbi, which has been a casualty of Mr. Trump’s trade policies for weeks, also weakened further against the dollar on Monday. The government in Beijing, which keeps a firm grip on the value of its currency, weakened the renminbi <span>by 0.34 percent</span> against the dollar, setting the benchmark rate for trading in Shanghai at its weakest level in 15 months. China’s main stock index lost nearly 2 percent at one point on Monday, but it closed down 0.3 percent.",,,,,,,,,0,,,,,,,9,,,,,,,2,,,,,,
hcastano,57262_10,"But only a minority of Americans have assets beyond homes, cars and retirement savings. About 15% of households own stocks, <span>and 13% hold</span> business equity or other residential property, according to Federal Reserve data. Beyond Jackson Hole, per capita assets have skyrocketed in places like Manhattan, Westchester and Nassau in New York, and California’s Palm Beach and the San Francisco Bay Area.",,,,,,,,,0,,,,,,,,1,,,,,,2,,,,,,
hcastano,90349_9,"One more message from his testimony : Mr. Powell doesn't expect the factors weighing down inflation to repeat themselves. He will tell lawmakers that he expects inflation to move up this year and stabilize around the Fed’<span>s 2% objective</span> “over the medium term,” and that “wages should increase at a faster pace as well.” After running below the Fed’s target for years, recent economic data suggests price pressures are finally starting to firm. Mr. Powell noted monthly inflation readings were “a little higher” at the end of 2017 than earlier months, and said he continues to view the inflation shortfall as “likely reflecting transitory influences that we do not expect will repeat.” After years of lackluster wage growth, Americans may soon see faster increases in the size of their paychecks, he said.",,,,,,,,,0,,,,,,3,,,,,,,,2,,,,,,
hcastano,14797_5,"Since its last meeting, economic data have been mixed. Jobs data for July were strong—payrolls <span>rose 255,000</span>—but retail sales and inflation indicators for the month were soft, leaving open the possibility of a prolonged Fed divide that could further delay the next rate move. Despite the mixed economic backdrop, some notable officials this week have sought to remind investors that the time for another rate increase was drawing near.",,,,,,,,,0,,,,,,,,,,,0,,,,0,,,,,
hcastano,95609_6,"It has previously used such language to signal that fresh action is imminent. The ECB’s next policy meeting is on Sept.<span> 12.</span> “It now increasingly looks as if the September meeting will not only bring a single measure but rather a package of several measures,” ING Bank analysts said.",,,,,,,6,,,,,,,,,,,12,,,4,,,,,,,,
hcastano,50136_5,"WHILE YOU WERE SLEEPING: — “American-led airstrikes killed at least 180 Islamic State fighters as local Kurdish forces scrambled to repel a bold, multi-pronged assault by the militants,” Missy Ryan and Loveday Morris report from Iraq. — Ahead of tomorrow night’s Democratic debate, a fresh Washington Post-ABC News poll shows Clinton with a 2-1 edge over Sanders in the national race:<span> 59 percent</span> of Democratic-leaning registered voters support her, compared to 28 percent for him. He’s down from 34 percent in November.",,,,,,,6,,,,,,,,,,,12,,,4,,,,,,,,
hcastano,16030_26,"She last wrote about the psychologist Walter Mischel. Related Coverage - Decades on the Job, and Counting Feb.<span> 21,</span> 2019 - The $15 Minimum Wage Doesn’t Just Improve Lives, It Saves Them Feb. 21, 2019 - The Rise of the WeWorking Class Feb. 21, 2019 - America’s Professional Elite: Wealthy, Successful and Miserable Feb. 21, 2019 - The New Labor Movement Fighting for Domestic Workers’ Rights Feb. 21, 2019 - Why Aren’t Women Advancing More in Corporate America? Feb. 21, 2019",,,,,,,6,,,,,,,,,,,12,,,4,,,,,,,,
hcastano,85751_2,"Lower rates stand to make mortgages more affordable for buyers  Updated May 30, 2019 1:37 pm ET  Mortgage rates dropped <span>below 4% for</span> the first time since early last year, adding to hopes for a revival in the housing market. The average rate this week on a 30-year fixed rate mortgage was at 3.99%, mortgage finance giant Freddie Mac said Thursday.",,,,,,,,,0,,,,,2,,,,,,,,,,0,,,,,
hcastano,63152_19,"Staunch G.O.P. Roots She was born Phyllis McAlpin Stewart on Aug. 15,<span> 1924,</span> in St. Louis, the oldest of two daughters of the former Odile Dodge, a teacher with two college degrees, and John Bruce Stewart, a machinist and industrial equipment salesman who was 17 years his wife’s senior. Fired by Westinghouse at the onset of the Depression, Mr. Stewart was never quite able to put the family’s finances back together.",,,,,,,6,,,,,,,,,,,12,,,4,,,,,,,,
hcastano,13915_1,"U.S. markets wrapped up one of their messiest-ever weeks Friday, recording their worst finish since the 2008 financial crisis. The Standard & Poor’<span>s 500 tumbled</span> 15 percent from where it began Monday, with stocks wrenched all week in hourly spasms as investors tried to fathom where the coronavirus will eventually leave the U.S. economy. The craziness ran right up to the closing bell, with the S&P and the Dow Jones industrial average plunging more than 3 percent minutes after the World Health Organization warned that global health systems were “collapsing” under the strain of the pandemic.",,,,,,,6,,,,,,,,,,,12,,,4,,,,,,,,
hcastano,13006_3,1. Seahawks say no to Kaepernick |<span> 2.</span> Next for Kaepernick?,,,,,,,6,,,,,,,,,,,12,,,4,,,,,,,,
hcastano,3307_1,"season arrives Sunday with what fans hope will be a fitting climax to a wild playoffs, with the Cincinnati Bengals and the Los Angeles Rams facing off in the Super Bowl. The Bengals are in their first Super Bowl <span>in 33 years</span>, led by the rising star quarterback Joe Burrow, who in college won a Heisman Trophy and a national championship with Louisiana State. The Rams have constructed a powerful team through trades and acquisitions, including swapping quarterback Jared Goff for Matthew Stafford in the off-season, and building around the pass rusher Aaron Donald on defense.",,,,,,,6,,,,,,,,,,,12,,,4,,,,,,,,
hcastano,28210_1,"The Houston Astros took four years to mutate from baseball’s worst team to its best. But even at their lowest point, as they stumbled to a franchise-record 111 losses <span>in 2013,</span> they constantly emphasized their brand of ambition. Everywhere they went that season, the Astros took an upright, game show-style spinning wheel for their clubhouse.",,,,,,,6,,,,,,,,,,,12,,,4,,,,,,,,
hcastano,45383_13,"They spoke Mandarin and Hindi and Japanese and Turkish, code-switching to English to answer questions from The Post. According to 2017 estimates from the American Community Survey, Palo Alto is 75.8 percent white, 31.3 percent Asian, <span>and 1.2 percent</span> black, a similar demographic breakdown to most tech companies. Practical information about the Old Palo Alto Halloween event spreads by word of mouth, social media and private messaging apps.",,,,,,,6,,,,,,,,,,,12,,,4,,,,,,,,
hcastano,4331_14,"The group, known as OPEC Plus, appears to have decided during a teleconference that there was no reason to alter policy amid the many uncertainties in the oil market. On Monday, the European Union will begin an embargo on Russian oil, while the Group of 7 industrialized nations and their allies are imposing a price cap <span>of $60 a</span> barrel on Russian crude. The looming embargo and the price cap were the chief reasons for the producers’ group to hold its fire.",,,,,,,,2,,,,,,,,,,12,,,4,,,,,,,,
hcastano,63507_7,"The disparate views among Mr. Trump’s top trade advisers have prompted sparring — both publicly and behind the scenes. In <span>late 2017,</span> when Mr. Lighthizer grew concerned that Mr. Mnuchin and Wilbur Ross, the commerce secretary, were wading too far into China matters, he enlisted Rob Porter, the president’s staff secretary at the time, to persuade Mr. Trump to draft a document designating Mr. Lighthizer the main trade emissary to China, according to a person who has seen the letter. Mr. Lighthizer has never used the document to defend his position, the person said, but he considers it an insurance policy of sorts.",,,,,,,6,,,,,,,,,,,12,,,4,,,,,,,,
hcastano,26248_10,"Inflation is on the rise. The measure of inflation, called ""core consumer price index,"" in April increased to its highest level <span>in 13 years</span>, to 4.1%, and this is after an increase to 2.6% in March, which was the highest level since 2018. These increased measures of inflation are showing up even before a ""full"" reopening of normal activity across the U.S. economy.",,,,,,,6,,,,,,,,,,,12,,,4,,,,,,,,
hcastano,19694_10,"Stock prices for some 3-D printing companies more than doubled in 2013, while world-wide revenue increased a smaller 27% to an estimated $2.8 billion last year, according to consultancy Wohlers Associates Inc. in Colorado. 3-D stocks though are off to a rough start this year with industry leaders 3D Systems Corp. <span>DDD 1.66</span>%increase; green up pointing triangle down 40% and Stratasys Ltd. SSYS -1.48%decrease; red down pointing triangle off about 19% since the start of 2014. Still, some 3-D stocks remain priced at 50 to 70 times projected 2014 earnings, attracting comparisons to the overheated market for Internet stocks during the early 2000s.",,,,,,,,,,1,,,,,,,,12,,,4,,,,,,,,
hcastano,40013_12,"The pain has been greatest in economies where dollar strength has been even more pronounced. In Brazil, gasoline is <span>up 28% and</span> diesel fuel for trucks more than 27% over the past year. The Brazilian real has fallen 11% this year against the dollar.",,,,,,,6,,,,,,,,,,,12,,,4,,,,,,,,
hcastano,Economic-Article-Quant-Annotation-instructions1_example.html,instructions1_example,,,,,,,,,,,,,,,,,,,,,,,,,,,,,"The highlighted quantity should have a general type. Please label the type, or select 'Not Relevant' is a date or otherwise not relevant to the U.S. economy:::Macroeconomic / General Economic Conditions (e.g., discusses jobs, housing prices, and oil prices)"
hcastano,37452_1,"Moderna said the mean antibody level of participants in its study was 1.8 times higher after the booster than it was after the second shot. In another measurement, the booster raised neutralizing antibodies at least fourfold <span>in 87.9 percent</span> of people compared to after the second dose, narrowly failing to meet the agency’s requirement of 88.4 percent. Given that Moderna’s vaccine appears to still strongly protect against severe disease, at least some committee members are expected to balk at recommending a third dose.",,,,,,,6,,,,,,,,,,,12,,,4,,,,,,,,
hcastano,72580_3,"It was a brutal drubbing for investors who had stacked up bets that the U.K. would choose to stay. The pound traded as low <span>as $1.3230 in</span> London’s early hours, as a pink-fringed dawn rose over the city and the British Broadcasting Corp. called the referendum for Leave. That was the lowest level against the dollar since 1985, and an epic move for a developed-market currency.",,,,,,,,,0,,,,,,,9,,,,,,1,,,,,,,
hcastano,74760_27,"The study found that average pay for top businesses leaders at the country’s 350 largest companies amounted to 1$ million per year or more than $17 million when the realized value of stock options are factored in. Meanwhile the minimum wage at the federal level has remained unchanged since 2009, <span>at $7.25 an</span> hour. Although some state governments have taken the lead on raising the floor to upwards of $15.",,,,,,,,,0,,,4,,,,,,,,,,1,,,,,,,
hcastano,14797_6,"Most Fed officials expect growth to pick up in the second half of the year, but several still harbor doubt, especially because inflation has run below the Fed’s target for so long. The Labor Department reported Tuesday that the Consumer Price Index was unchanged in July and <span>up 0.9% from</span> a year earlier. The previous three months it was up 1.1% from a year earlier.",,,,,,,,,0,,,,,,3,,,,,,,,2,,,,,,
hcastano,7188_5,"Although the White House and its allies in the media have attempted to blame ongoing inflation issues on Russian President Vladimir Putin because of his invasion of Ukraine, inflation reports indicated record levels of increase in February, prior to the invasion. Even in Dec. 2021, months before the Ukraine invasion, inflation rose by 6.8%, the largest single increase in <span>almost 40 years</span>. Gas prices have also reached record averages of over $4 a gallon.",,,,,,,6,,,,,,,,,,,12,,,4,,,,,,,,
hcastano,37452_11,"Rates of severe illness were 6.5-fold lower for those 60 years or older and threefold lower for those aged 40 to 60, the researchers said. Death rates were nearly fivefold lower for those <span>aged 60 and</span> up. The Israeli results have been published by a preprint service but have not been peer-reviewed.",,,,,,,6,,,,,,,,,,,12,,,4,,,,,,,,
hcastano,66212_16,"With about 10% of votes counted, he led with about 86% of the vote. Next up in races to watch: Polls close at 7:30 in North Carolina <span>and 8 p</span>.m. in Pennsylvania. Polls close in Idaho at 10 p.m.",,,,,,,6,,,,,,,,,,,12,,,4,,,,,,,,
hcastano,63152_18,"Staunch G.O.P. Roots She was born Phyllis McAlpin Stewart on Aug.<span> 15,</span> 1924, in St. Louis, the oldest of two daughters of the former Odile Dodge, a teacher with two college degrees, and John Bruce Stewart, a machinist and industrial equipment salesman who was 17 years his wife’s senior. Fired by Westinghouse at the onset of the Depression, Mr. Stewart was never quite able to put the family’s finances back together.",,,,,,,6,,,,,,,,,,,12,,,4,,,,,,,,
hcastano,11692_11,"Yields fall as prices rise. WINNERS & LOSERS See a list of <span>the 100 best</span>- and worst-performing publicly traded companies in the first quarter, ranked by percentage gains or losses. - Overall Stock Market: 1st Quarter - New York Stock Exchange: 1st Quarter - Nasdaq Stock Market: 1st Quarter - NYSE MKT: 1st Quarter - NYSE Arca: 1st Quarter - Most Actives: 1st Quarter - Industry Groups: 1st Quarter - Global Stock Indexes: 1st Quarter There are signs that the coming vote has cast a chill over capital markets as well.",,,,,,,6,,,,,,,,,,,12,,,4,,,,,,,,
hcastano,89039_4,"His election to parliament in April was the first time a liberal had been elected from his district in Busan, the country's second-largest city. His campaign is trying to <span>reach 40% support</span> in the province for the presidential race, a spokeswoman said, exceeding what a liberal candidate has done before. Ms. Park, 60, entered politics in 1997.",,,,,,,6,,,,,,,,,,,12,,,4,,,,,,,,
hcastano,61044_13,"Yields on junk bonds recently fell below 6% for the first time ever. Meanwhile, leveraged-loan mutual funds and exchange-traded funds had inflows of $1.2 billion in the week ended Feb.<span> 6,</span> the biggest ever, according to fund tracker Lipper, whose records go back to 1992. Issuance from pools of leveraged loans that sell securities backed by the debt, called collateralized loan obligations, is expected to reach $80 billion this year, according to estimates from Royal Bank of Scotland.",,,,,,,6,,,,,,,,,,,12,,,4,,,,,,,,
hcastano,46412_7,"The S&P 500 dropped 46.88 points, or 1.7%, to 2658.69 on Friday. A dip <span>of 0.8% next</span> week would put it in correction territory for the first time since February. The Dow Jones Industrial Average declined 296.24 points, or 1.2%, to 24688.31.",,,,,,,,,0,,,,,,,,1,,,,,1,,,,,,,
